,STATE,year,county,full_fips,state_formations,state_apps,county_apps,state_fips,county_fips,STATE_NAME,county_forms_est
1224,AK,2005,,02063,1435.0,4722.0,,02,063,Alaska,
1225,AK,2006,,02063,1300.0,5208.0,,02,063,Alaska,
1226,AK,2007,,02063,1186.0,5132.0,,02,063,Alaska,
1227,AK,2008,,02063,1049.0,4974.0,,02,063,Alaska,
1228,AK,2009,,02063,912.0,4389.0,,02,063,Alaska,
1229,AK,2010,,02063,862.0,4652.0,,02,063,Alaska,
1230,AK,2011,,02063,933.0,5071.0,,02,063,Alaska,
1231,AK,2012,,02063,920.0,5199.0,,02,063,Alaska,
1232,AK,2013,,02063,869.0,5380.0,,02,063,Alaska,
1233,AK,2014,,02063,900.0,5441.0,,02,063,Alaska,
1234,AK,2015,,02063,,5885.0,,02,063,Alaska,
1235,AK,2016,,02063,,6357.0,,02,063,Alaska,
1236,AK,2017,,02063,,7259.0,,02,063,Alaska,
1237,AK,2018,,02063,,9257.0,,02,063,Alaska,
1238,AK,2019,,02063,,8087.0,,02,063,Alaska,
1241,AK,2005,,02066,1435.0,4722.0,,02,066,Alaska,
1242,AK,2006,,02066,1300.0,5208.0,,02,066,Alaska,
1243,AK,2007,,02066,1186.0,5132.0,,02,066,Alaska,
1244,AK,2008,,02066,1049.0,4974.0,,02,066,Alaska,
1245,AK,2009,,02066,912.0,4389.0,,02,066,Alaska,
1246,AK,2010,,02066,862.0,4652.0,,02,066,Alaska,
1247,AK,2011,,02066,933.0,5071.0,,02,066,Alaska,
1248,AK,2012,,02066,920.0,5199.0,,02,066,Alaska,
1249,AK,2013,,02066,869.0,5380.0,,02,066,Alaska,
1250,AK,2014,,02066,900.0,5441.0,,02,066,Alaska,
1251,AK,2015,,02066,,5885.0,,02,066,Alaska,
1252,AK,2016,,02066,,6357.0,,02,066,Alaska,
1253,AK,2017,,02066,,7259.0,,02,066,Alaska,
1254,AK,2018,,02066,,9257.0,,02,066,Alaska,
1255,AK,2019,,02066,,8087.0,,02,066,Alaska,
1411,AK,2005,,02158,1435.0,4722.0,,02,158,Alaska,
1412,AK,2006,,02158,1300.0,5208.0,,02,158,Alaska,
1413,AK,2007,,02158,1186.0,5132.0,,02,158,Alaska,
1414,AK,2008,,02158,1049.0,4974.0,,02,158,Alaska,
1415,AK,2009,,02158,912.0,4389.0,,02,158,Alaska,
1416,AK,2010,,02158,862.0,4652.0,,02,158,Alaska,
1417,AK,2011,,02158,933.0,5071.0,,02,158,Alaska,
1418,AK,2012,,02158,920.0,5199.0,,02,158,Alaska,
1419,AK,2013,,02158,869.0,5380.0,,02,158,Alaska,
1420,AK,2014,,02158,900.0,5441.0,,02,158,Alaska,
1421,AK,2015,,02158,,5885.0,,02,158,Alaska,
1613,AK,2020,,02261,890.4,8056.0,,02,261,Alaska,
1614,AK,2021,,02261,962.0,8081.0,,02,261,Alaska,
1626,AK,2016,,02270,,6357.0,,02,270,Alaska,
1627,AK,2017,,02270,,7259.0,,02,270,Alaska,
1628,AK,2018,,02270,,9257.0,,02,270,Alaska,
1629,AK,2019,,02270,,8087.0,,02,270,Alaska,
1630,AK,2020,,02270,890.4,8056.0,,02,270,Alaska,
1631,AK,2021,,02270,962.0,8081.0,,02,270,Alaska,
5423,CT,2005,,09110,4921.0,28309.0,,09,110,Connecticut,
5424,CT,2006,,09110,4451.0,30224.0,,09,110,Connecticut,
5425,CT,2007,,09110,4030.0,29754.0,,09,110,Connecticut,
5426,CT,2008,,09110,3379.0,28357.0,,09,110,Connecticut,
5427,CT,2009,,09110,3073.0,25818.0,,09,110,Connecticut,
5428,CT,2010,,09110,3158.0,26196.0,,09,110,Connecticut,
5429,CT,2011,,09110,3125.0,25970.0,,09,110,Connecticut,
5430,CT,2012,,09110,3002.0,26827.0,,09,110,Connecticut,
5431,CT,2013,,09110,2833.0,26101.0,,09,110,Connecticut,
5432,CT,2014,,09110,2919.0,26546.0,,09,110,Connecticut,
5433,CT,2015,,09110,2949.0,26183.0,,09,110,Connecticut,
5434,CT,2016,,09110,2752.0,27582.0,,09,110,Connecticut,
5435,CT,2017,,09110,2872.0,30149.0,,09,110,Connecticut,
5436,CT,2018,,09110,2971.0,33942.0,,09,110,Connecticut,
5437,CT,2019,,09110,3037.0,32909.0,,09,110,Connecticut,
5438,CT,2020,,09110,2797.0,37234.0,,09,110,Connecticut,
5439,CT,2021,,09110,3300.0,47192.0,,09,110,Connecticut,
5440,CT,2005,,09120,4921.0,28309.0,,09,120,Connecticut,
5441,CT,2006,,09120,4451.0,30224.0,,09,120,Connecticut,
5442,CT,2007,,09120,4030.0,29754.0,,09,120,Connecticut,
5443,CT,2008,,09120,3379.0,28357.0,,09,120,Connecticut,
5444,CT,2009,,09120,3073.0,25818.0,,09,120,Connecticut,
5445,CT,2010,,09120,3158.0,26196.0,,09,120,Connecticut,
5446,CT,2011,,09120,3125.0,25970.0,,09,120,Connecticut,
5447,CT,2012,,09120,3002.0,26827.0,,09,120,Connecticut,
5448,CT,2013,,09120,2833.0,26101.0,,09,120,Connecticut,
5449,CT,2014,,09120,2919.0,26546.0,,09,120,Connecticut,
5450,CT,2015,,09120,2949.0,26183.0,,09,120,Connecticut,
5451,CT,2016,,09120,2752.0,27582.0,,09,120,Connecticut,
5452,CT,2017,,09120,2872.0,30149.0,,09,120,Connecticut,
5453,CT,2018,,09120,2971.0,33942.0,,09,120,Connecticut,
5454,CT,2019,,09120,3037.0,32909.0,,09,120,Connecticut,
5455,CT,2020,,09120,2797.0,37234.0,,09,120,Connecticut,
5456,CT,2021,,09120,3300.0,47192.0,,09,120,Connecticut,
5457,CT,2005,,09130,4921.0,28309.0,,09,130,Connecticut,
5458,CT,2006,,09130,4451.0,30224.0,,09,130,Connecticut,
5459,CT,2007,,09130,4030.0,29754.0,,09,130,Connecticut,
5460,CT,2008,,09130,3379.0,28357.0,,09,130,Connecticut,
5461,CT,2009,,09130,3073.0,25818.0,,09,130,Connecticut,
5462,CT,2010,,09130,3158.0,26196.0,,09,130,Connecticut,
5463,CT,2011,,09130,3125.0,25970.0,,09,130,Connecticut,
5464,CT,2012,,09130,3002.0,26827.0,,09,130,Connecticut,
5465,CT,2013,,09130,2833.0,26101.0,,09,130,Connecticut,
5466,CT,2014,,09130,2919.0,26546.0,,09,130,Connecticut,
5467,CT,2015,,09130,2949.0,26183.0,,09,130,Connecticut,
5468,CT,2016,,09130,2752.0,27582.0,,09,130,Connecticut,
5469,CT,2017,,09130,2872.0,30149.0,,09,130,Connecticut,
5470,CT,2018,,09130,2971.0,33942.0,,09,130,Connecticut,
5471,CT,2019,,09130,3037.0,32909.0,,09,130,Connecticut,
5472,CT,2020,,09130,2797.0,37234.0,,09,130,Connecticut,
5473,CT,2021,,09130,3300.0,47192.0,,09,130,Connecticut,
5474,CT,2005,,09140,4921.0,28309.0,,09,140,Connecticut,
5475,CT,2006,,09140,4451.0,30224.0,,09,140,Connecticut,
5476,CT,2007,,09140,4030.0,29754.0,,09,140,Connecticut,
5477,CT,2008,,09140,3379.0,28357.0,,09,140,Connecticut,
5478,CT,2009,,09140,3073.0,25818.0,,09,140,Connecticut,
5479,CT,2010,,09140,3158.0,26196.0,,09,140,Connecticut,
5480,CT,2011,,09140,3125.0,25970.0,,09,140,Connecticut,
5481,CT,2012,,09140,3002.0,26827.0,,09,140,Connecticut,
5482,CT,2013,,09140,2833.0,26101.0,,09,140,Connecticut,
5483,CT,2014,,09140,2919.0,26546.0,,09,140,Connecticut,
5484,CT,2015,,09140,2949.0,26183.0,,09,140,Connecticut,
5485,CT,2016,,09140,2752.0,27582.0,,09,140,Connecticut,
5486,CT,2017,,09140,2872.0,30149.0,,09,140,Connecticut,
5487,CT,2018,,09140,2971.0,33942.0,,09,140,Connecticut,
5488,CT,2019,,09140,3037.0,32909.0,,09,140,Connecticut,
5489,CT,2020,,09140,2797.0,37234.0,,09,140,Connecticut,
5490,CT,2021,,09140,3300.0,47192.0,,09,140,Connecticut,
5491,CT,2005,,09150,4921.0,28309.0,,09,150,Connecticut,
5492,CT,2006,,09150,4451.0,30224.0,,09,150,Connecticut,
5493,CT,2007,,09150,4030.0,29754.0,,09,150,Connecticut,
5494,CT,2008,,09150,3379.0,28357.0,,09,150,Connecticut,
5495,CT,2009,,09150,3073.0,25818.0,,09,150,Connecticut,
5496,CT,2010,,09150,3158.0,26196.0,,09,150,Connecticut,
5497,CT,2011,,09150,3125.0,25970.0,,09,150,Connecticut,
5498,CT,2012,,09150,3002.0,26827.0,,09,150,Connecticut,
5499,CT,2013,,09150,2833.0,26101.0,,09,150,Connecticut,
5500,CT,2014,,09150,2919.0,26546.0,,09,150,Connecticut,
5501,CT,2015,,09150,2949.0,26183.0,,09,150,Connecticut,
5502,CT,2016,,09150,2752.0,27582.0,,09,150,Connecticut,
5503,CT,2017,,09150,2872.0,30149.0,,09,150,Connecticut,
5504,CT,2018,,09150,2971.0,33942.0,,09,150,Connecticut,
5505,CT,2019,,09150,3037.0,32909.0,,09,150,Connecticut,
5506,CT,2020,,09150,2797.0,37234.0,,09,150,Connecticut,
5507,CT,2021,,09150,3300.0,47192.0,,09,150,Connecticut,
5508,CT,2005,,09160,4921.0,28309.0,,09,160,Connecticut,
5509,CT,2006,,09160,4451.0,30224.0,,09,160,Connecticut,
5510,CT,2007,,09160,4030.0,29754.0,,09,160,Connecticut,
5511,CT,2008,,09160,3379.0,28357.0,,09,160,Connecticut,
5512,CT,2009,,09160,3073.0,25818.0,,09,160,Connecticut,
5513,CT,2010,,09160,3158.0,26196.0,,09,160,Connecticut,
5514,CT,2011,,09160,3125.0,25970.0,,09,160,Connecticut,
5515,CT,2012,,09160,3002.0,26827.0,,09,160,Connecticut,
5516,CT,2013,,09160,2833.0,26101.0,,09,160,Connecticut,
5517,CT,2014,,09160,2919.0,26546.0,,09,160,Connecticut,
5518,CT,2015,,09160,2949.0,26183.0,,09,160,Connecticut,
5519,CT,2016,,09160,2752.0,27582.0,,09,160,Connecticut,
5520,CT,2017,,09160,2872.0,30149.0,,09,160,Connecticut,
5521,CT,2018,,09160,2971.0,33942.0,,09,160,Connecticut,
5522,CT,2019,,09160,3037.0,32909.0,,09,160,Connecticut,
5523,CT,2020,,09160,2797.0,37234.0,,09,160,Connecticut,
5524,CT,2021,,09160,3300.0,47192.0,,09,160,Connecticut,
5525,CT,2005,,09170,4921.0,28309.0,,09,170,Connecticut,
5526,CT,2006,,09170,4451.0,30224.0,,09,170,Connecticut,
5527,CT,2007,,09170,4030.0,29754.0,,09,170,Connecticut,
5528,CT,2008,,09170,3379.0,28357.0,,09,170,Connecticut,
5529,CT,2009,,09170,3073.0,25818.0,,09,170,Connecticut,
5530,CT,2010,,09170,3158.0,26196.0,,09,170,Connecticut,
5531,CT,2011,,09170,3125.0,25970.0,,09,170,Connecticut,
5532,CT,2012,,09170,3002.0,26827.0,,09,170,Connecticut,
5533,CT,2013,,09170,2833.0,26101.0,,09,170,Connecticut,
5534,CT,2014,,09170,2919.0,26546.0,,09,170,Connecticut,
5535,CT,2015,,09170,2949.0,26183.0,,09,170,Connecticut,
5536,CT,2016,,09170,2752.0,27582.0,,09,170,Connecticut,
5537,CT,2017,,09170,2872.0,30149.0,,09,170,Connecticut,
5538,CT,2018,,09170,2971.0,33942.0,,09,170,Connecticut,
5539,CT,2019,,09170,3037.0,32909.0,,09,170,Connecticut,
5540,CT,2020,,09170,2797.0,37234.0,,09,170,Connecticut,
5541,CT,2021,,09170,3300.0,47192.0,,09,170,Connecticut,
5542,CT,2005,,09180,4921.0,28309.0,,09,180,Connecticut,
5543,CT,2006,,09180,4451.0,30224.0,,09,180,Connecticut,
5544,CT,2007,,09180,4030.0,29754.0,,09,180,Connecticut,
5545,CT,2008,,09180,3379.0,28357.0,,09,180,Connecticut,
5546,CT,2009,,09180,3073.0,25818.0,,09,180,Connecticut,
5547,CT,2010,,09180,3158.0,26196.0,,09,180,Connecticut,
5548,CT,2011,,09180,3125.0,25970.0,,09,180,Connecticut,
5549,CT,2012,,09180,3002.0,26827.0,,09,180,Connecticut,
5550,CT,2013,,09180,2833.0,26101.0,,09,180,Connecticut,
5551,CT,2014,,09180,2919.0,26546.0,,09,180,Connecticut,
5552,CT,2015,,09180,2949.0,26183.0,,09,180,Connecticut,
5553,CT,2016,,09180,2752.0,27582.0,,09,180,Connecticut,
5554,CT,2017,,09180,2872.0,30149.0,,09,180,Connecticut,
5555,CT,2018,,09180,2971.0,33942.0,,09,180,Connecticut,
5556,CT,2019,,09180,3037.0,32909.0,,09,180,Connecticut,
5557,CT,2020,,09180,2797.0,37234.0,,09,180,Connecticut,
5558,CT,2021,,09180,3300.0,47192.0,,09,180,Connecticut,
5559,CT,2005,,09190,4921.0,28309.0,,09,190,Connecticut,
5560,CT,2006,,09190,4451.0,30224.0,,09,190,Connecticut,
5561,CT,2007,,09190,4030.0,29754.0,,09,190,Connecticut,
5562,CT,2008,,09190,3379.0,28357.0,,09,190,Connecticut,
5563,CT,2009,,09190,3073.0,25818.0,,09,190,Connecticut,
5564,CT,2010,,09190,3158.0,26196.0,,09,190,Connecticut,
5565,CT,2011,,09190,3125.0,25970.0,,09,190,Connecticut,
5566,CT,2012,,09190,3002.0,26827.0,,09,190,Connecticut,
5567,CT,2013,,09190,2833.0,26101.0,,09,190,Connecticut,
5568,CT,2014,,09190,2919.0,26546.0,,09,190,Connecticut,
5569,CT,2015,,09190,2949.0,26183.0,,09,190,Connecticut,
5570,CT,2016,,09190,2752.0,27582.0,,09,190,Connecticut,
5571,CT,2017,,09190,2872.0,30149.0,,09,190,Connecticut,
5572,CT,2018,,09190,2971.0,33942.0,,09,190,Connecticut,
5573,CT,2019,,09190,3037.0,32909.0,,09,190,Connecticut,
5574,CT,2020,,09190,2797.0,37234.0,,09,190,Connecticut,
5575,CT,2021,,09190,3300.0,47192.0,,09,190,Connecticut,
41208,SD,2005,,46102,1729.0,5507.0,,46,102,South Dakota,
41209,SD,2006,,46102,1577.0,5789.0,,46,102,South Dakota,
41210,SD,2007,,46102,1404.0,5551.0,,46,102,South Dakota,
41211,SD,2008,,46102,1250.0,5593.0,,46,102,South Dakota,
41212,SD,2009,,46102,1085.0,5342.0,,46,102,South Dakota,
41213,SD,2010,,46102,1008.0,5550.0,,46,102,South Dakota,
41214,SD,2011,,46102,1124.0,5955.0,,46,102,South Dakota,
41215,SD,2012,,46102,1097.0,5970.0,,46,102,South Dakota,
41216,SD,2013,,46102,1075.0,6173.0,,46,102,South Dakota,
41217,SD,2014,,46102,1155.0,6445.0,,46,102,South Dakota,
41218,SD,2015,,46102,,6475.0,,46,102,South Dakota,
41321,SD,2016,,46113,,6332.0,,46,113,South Dakota,
41322,SD,2017,,46113,,8420.0,,46,113,South Dakota,
41323,SD,2018,,46113,,9735.0,,46,113,South Dakota,
41324,SD,2019,,46113,,7803.0,,46,113,South Dakota,
41325,SD,2020,,46113,,7790.0,,46,113,South Dakota,
41326,SD,2021,,46113,1363.0,10209.0,,46,113,South Dakota,
49802,VA,2014,,51515,8266.0,70549.0,,51,515,Virginia,
49803,VA,2015,,51515,8098.0,72369.0,,51,515,Virginia,
49804,VA,2016,,51515,7992.0,75200.0,,51,515,Virginia,
49805,VA,2017,,51515,8170.0,81143.0,,51,515,Virginia,
49806,VA,2018,,51515,8315.0,86550.0,,51,515,Virginia,
49807,VA,2019,,51515,8238.0,88000.0,,51,515,Virginia,
49808,VA,2020,,51515,7965.0,107106.0,,51,515,Virginia,
49809,VA,2021,,51515,9013.0,131082.0,,51,515,Virginia,
