,STATE,state_fips,STATE_NAME,year,state_formations,year_state_missing_count
511,AK,02,Alaska,2015,,8.0
518,DC,11,District of Columbia,2015,,7.0
529,ME,23,Maine,2015,,5.0
541,NM,35,New Mexico,2015,,4.0
544,ND,38,North Dakota,2015,,4.0
549,RI,44,Rhode Island,2015,,4.0
551,SD,46,South Dakota,2015,,4.0
555,VT,50,Vermont,2015,,9.0
558,WV,54,West Virginia,2015,,7.0
560,WY,56,Wyoming,2015,,6.0
562,AK,02,Alaska,2016,,7.0
569,DC,11,District of Columbia,2016,,8.0
572,HI,15,Hawaii,2016,,5.0
595,ND,38,North Dakota,2016,,11.0
600,RI,44,Rhode Island,2016,,10.0
602,SD,46,South Dakota,2016,,11.0
606,VT,50,Vermont,2016,,10.0
609,WV,54,West Virginia,2016,,8.0
611,WY,56,Wyoming,2016,,4.0
613,AK,02,Alaska,2017,,6.0
620,DC,11,District of Columbia,2017,,8.0
631,ME,23,Maine,2017,,7.0
646,ND,38,North Dakota,2017,,9.0
651,RI,44,Rhode Island,2017,,5.0
653,SD,46,South Dakota,2017,,9.0
657,VT,50,Vermont,2017,,10.0
660,WV,54,West Virginia,2017,,8.0
662,WY,56,Wyoming,2017,,4.0
664,AK,02,Alaska,2018,,4.0
692,NH,33,New Hampshire,2018,,4.0
697,ND,38,North Dakota,2018,,8.0
702,RI,44,Rhode Island,2018,,6.0
704,SD,46,South Dakota,2018,,8.0
708,VT,50,Vermont,2018,,9.0
715,AK,02,Alaska,2019,,4.0
748,ND,38,North Dakota,2019,,4.0
753,RI,44,Rhode Island,2019,,4.0
755,SD,46,South Dakota,2019,,4.0
759,VT,50,Vermont,2019,,8.0
764,WY,56,Wyoming,2019,,4.0
773,DC,11,District of Columbia,2020,,4.0
799,ND,38,North Dakota,2020,,6.0
804,RI,44,Rhode Island,2020,,9.0
806,SD,46,South Dakota,2020,,6.0
810,VT,50,Vermont,2020,,9.0
813,WV,54,West Virginia,2020,,4.0
861,VT,50,Vermont,2021,,4.0
